video_id,video_title,video_description,published_at,view_count,like_count,comment_count
-3wo8cLilUk,COMO FAZER VELAS AROM√ÅTICAS f√°cil e r√°pido #shorts #fa√ßavoc√™mesmo #decora√ß√£o,"Como fazer sua pr√≥pria vela arom√°tica. 
Aprenda fazer velas perfumadas reaproveitando vidros de conserva de um jeito bem f√°cil e r√°pido. Esse √© um DIY bem f√°cil de fazer para ganhar dinheiro. 

#fa√ßavoc√™mesmo #velasaromaticas #velasartesanais",2023-01-04T23:00:00Z,164276,8746,168
Lk9orm56SUU,DIY- Fa√ßa voc√™ VELAS  decorativas F√ÅCIL e barato‚ú®,"#velasaromaticas #velasdecorativas #diy #diycrafts #diycraft #velaspersonalizadas #fa√ßavoc√™mesmo #facavocemesmo


Como fazer velas
Fa√ßa voc√™ mesmo velas 
Vela decorativa",2022-08-24T22:33:25Z,232891,15524,114
xWOAQsnAQE0,COMO FAZER VELAS AROM√ÅTICASüíï VELAS PERFUMADAS.,,2021-10-08T20:03:57Z,272869,10335,307
dR5YqbjP4So,Velas Arom√°ticas #comofazervelas #velaspersonalizadas #velasaromaticas #velasdecorativas #velas,,2024-10-01T22:36:24Z,19977,1559,72
mhI7Lj0rMQY,COMO FAZER VELAS AROM√ÅTICAS‚ú®10 Passos Simples para Fazer Vela Aromatizada.,"As velas Aromatizadas ficam lindas na decora√ß√£o e tamb√©m s√£o √≥timas op√ß√µes de lembran√ßas de casamento e batizado. Ent√£o peguei essa inspira√ß√£o e listei o passo a passo de como fazer uma linda vela arom√°tica para deixar sua casa mais charmosa.
#comofazervelasaromaticas #velas 
#velasaromaticas #velasaromatizadas
#comofazervelas

Se voc√™ gostou do v√≠deo deixe seu LIKE que ajuda muito no crescimento do canal e assim eu trago mais ideias como essa.

Email Comercial: keu_merces@hotmail.com
Me siga nas redes sociais ü§é
üìåINSTAGRAM 
https://instagram.com/keumerces 
üìåMEU OUTRO CANAL  
https://youtube.com/@keumerces.

SOBRE O CANAL:
Se voc√™ gosta de ideias criativas com RECICLAGEM, ARTESANATO e DECORA√á√ÉO esse canal √© para voc√™! Meu maior objetivo √© estimular voc√™ a aprender e colocar a m√£o na massa, com solu√ß√µes econ√¥micas para voc√™ organizar e decorar sua casa. Aqui voc√™ vai encontar dicas, DIY  fa√ßa voc√™ mesmo, reciclagem criativa,  e muita transforma√ß√£o de materiais que iriam para o lixo. Tamb√©m ajudo noivas que querem casar gastando pouco a fazerem escolhas inteligentes com dicas criativas de CASAMENTO DIY ensino como fazer bolo fake, convites, lembrancinhas, arranjos, centro de mesa, tudo que envolve a decora√ß√£o para que voc√™ tenha uma festa linda e organizada. Tudo aqui √© feito com muito amor e um pouco de humor para alegrar a vida de voc√™s. Meus v√≠deos v√£o ao ar toda ter√ßa e sexta, pontualmente √†s 17h. Sejam bem vindos#vela",2024-06-27T20:00:15Z,36220,1963,28
-A76x9pRVGI,Passo a passo da nossa produ√ß√£o de velas #velasaromaticas #artesanato #velasdecorativas,,2023-05-24T16:00:01Z,100094,5176,33
yvLTsFdb_iM,O jeito mais f√°cil de fazer uma Vela Perfumada e Econ√¥mica! üòçüïØDeixa seu like se gostou da dica ‚ù§Ô∏è,"Materiais:
100g de parafina de soja
100g de gordura vegetal
20ml de ess√™ncia


Materiais voc√™ encontra na minha loja https://www.darlene.com.br/toda-a-loja/artigos-para-velas/",2022-10-07T20:52:33Z,121468,7319,96
37uR1tcRiD0,Como fazer Velas Arom√°ticas | Aprenda hoje!,"Assista minha aula completa: https://youtu.be/rQH5jkzPQtU?si=cv3LrC7DKZnZ8-ih

Bem-vindo ao canal da Ohana! 
Conhe√ßa a nossa loja: https://www.ohanaateliedecor.com
Siga no instagram: https://www.instagram.com/ohana_ateliedecor/

Links de compra dos itens citados no v√≠deo:
Cera Vegetal: https://shope.ee/1ArBXzFg3i
Term√¥metro digital: https://shope.ee/4AUn8fjm3X
Cortador de Pavio: https://shope.ee/2fiPH8QTVw
Pote Pat√™: https://shope.ee/6Uv7qehkgu
Balan√ßa: https://shope.ee/40DmsBfigH
Caneca Esmaltada: https://shope.ee/5zyrFvIsWf
Soprador t√©rmico: https://shope.ee/4pmtrqdiPk
cooktop el√©trico: https://shope.ee/6fEY3Kyhr9
Pavio: https://www.thomsen.com.br/produto/pavio-parafinado-jumbo-va-60-sem-fio-de-cobre.html
Ess√™ncia: https://www.lojapeterpaiva.com.br/produto/essencia-velas-canela-spicy-100g/3295419

Ganhe desconto para fazer suas etiquetas!!! Use nosso cupom: CIN553913OP
Site para compra das etiquetas: https://www.printi.com.br

Crie sua loja virtual e ganhe desconto no link: https://www.nuvemshop.com.br/partners/ohana-atelidecor

Neste v√≠deo, vou te mostrar como criar uma vela arom√°tica incr√≠vel, desde os materiais b√°sicos at√© as dicas de temperaturas e escolha de ess√™ncias. √â a oportunidade perfeita para se aventurar no mundo das velas caseiras e deixar sua casa ainda mais aconchegante.

üé• O Que Voc√™ Vai Aprender Neste V√≠deo:
- O passo a passo detalhado dos itens necess√°rios
- Dicas sobre as temperaturas ideais para garantir uma vela perfeita.
- Fornecedores e melhores ess√™ncias e ceras

üåü Fazer velas artesanais √© uma atividade incr√≠vel para liberar sua criatividade e produzir presentes personalizados. Al√©m disso, as velas arom√°ticas criam uma atmosfera relaxante em qualquer ambiente.

üîó Se voc√™ est√° interessado em criar suas pr√≥prias velas arom√°ticas, inscreva-se no canal e ative as notifica√ß√µes para receber mais dicas, tutoriais e inspira√ß√µes sobre velas artesanais.

üì£ Compartilhe este v√≠deo com seus amigos que tamb√©m adoram atividades DIY e decora√ß√£o √∫nica com velas!

#VelasArtesanais #VelasArom√°ticas #DIYVelas #PassoaPasso #Decora√ß√£oComVelas",2023-08-26T01:49:33Z,18204,1688,48
ErMnXB0b_1Y,Velas Rose Garden - Peter Paiva,"Pra voc√™s apaixonados por velas, fiz esse v√≠deo pra te ensinar fazer uma vela lumin√°ria super linda e simples de fazer! Artesanal, toda cheia de charme e com refil assim fica tamb√©m econ√¥mica! Bora aprender? Curte a√≠ e depois comenta o que achou!

Material:
250 gramas de Parafina de Soja Lentilhada
250 gramas de Gordura Vegetal
50 ml de Ess√™ncia 
Flores Artesanais 

Material de apoio:
Panela esmaltada
Hashi
Copos

Acesse o site:  https://www.peterpaiva.com.br 
Todos os produtos que voc√™ precisa est√£o em:  https://www.lojapeterpaiva.com.br

Siga-me nas redes sociais!
https://www.instagram.com/peterpaiva/
https://www.facebook.com/oficialpeterpaiva
https://br.pinterest.com/peterpaiva/",2020-06-18T12:26:45Z,377860,35310,1513
2ut2qwSRZgM,Vela com flores secas | Decore com velas,"üåü Conhe√ßa o meu curso: https://jornadadosaromas.com.br/

Me siga no instagram: https://www.instagram.com/jornadadosaromas




#cursovela #comofazervela #velaceradecoco #velagel",2023-08-26T22:05:04Z,114716,9325,147
WOyrQmcKoBs,Como e onde utilizar Velas Arom√°ticas na Decora√ß√£o. Deixe seu ambiente aconchegante e perfumado.,"Aprenda como e onde usar velas perfumadas na decora√ß√£o.
Dicas praticas, r√°pidas e descontra√≠das.

Est√° sem tempo pra ficar procurando boas velas?
Acesse aqui:
https://casavaldinei.com.br/loja/?product_cat=velas

Estou numa correria, mas quero postar mais videos com dicas. Por favor, escrevam quais dicas ou problemas que voc√™s possuem na decora√ß√£o pra eu poder ajudar.

Se voc√™ leu tudo at√© aqui, vou te contar quem foi a pessoa que a casa estava com cheiro de cemit√©rio:
Minha comadre.. kkkkkk Cai no ch√£o de tanto rir com ela!
Hoje eu e ela ja apagamos as velas bem direitinho.",2020-02-20T17:57:11Z,13007,611,0
XxIbtlpv0n8,Como fazer velas para vender e economizar,"Aeeeeeee, prontos para mais um v√≠deo cheio de informa√ß√£o?
Agora voc√™ vai poder economizar com esse super Kit B√°sico para come√ßar a montar sua produ√ß√£o.

Esse v√≠deo foi feito para voc√™ n√£o perder tempo nem dinheiro com coisas que n√£o ser√£o √∫teis, focando sempre na economia.

Espero que goste do v√≠deo, saiba que qualquer d√∫vida, estamos nos coment√°rios respondendo, interagindo e montando essa grande comunidade do mercado artesanal 

Um grande abra√ßo!
At√© o pr√≥ximo v√≠deo.
Beijuuuuu!


---

Onde comprar os materiais? 

Kit B√°sico para Velas
https://www.lojapeterpaiva.com.br/produto/kit-basico-para-velas/5248322

Kit velas Material de Apoio
https://www.lojapeterpaiva.com.br/produto/kit-velas-material-de-apoio/5248321



Acesse o site: https://www.peterpaiva.com.br
Todos os produtos que voc√™ precisa est√£o em: www.lojapeterpaiva.com.br 

Siga-me nas redes sociais! 
Telegram: https://t.me/comunidadepp
Instagram: https://www.instagram.com/peterpaiva
Facebook: https://www.facebook.com/oficialpeterpaiva
Pinterest: https://br.pinterest.com/peterpaiva",2022-06-28T22:00:12Z,350756,24068,430
mXrzNOs8O8I,COMO FAZER UMA VELA NA LATINHAüü¢ #artesanato #comofazervelas,"üëáLinks Importantesüëá

Baoba Ess√™ncias
https://baobaessencias.com.br

Quer ser um apoiador do canal:
PIX CPF: 124.400.388-30

instagram: 
https://www.instagram.com/soninhamedeiros73/

Facebook: 
https://www.facebook.com/soniabelavela

Grupo WhatsApp
https://chat.whatsapp.com/LHW5tW6InB85ergy4VYI1M

Grupo TELEGRAM
https://t.me/belavelasoniamedeiros 

Tags:

velas, velas aromaticas, como fazer velas aromaticas, diy velas, diy candles, dicas de velas, decorando com velas, velas que iluminam, velas aromaticas como fazer, como fazer velas, como fazer velas aromatizadas, como fazer velas decorativas, como produzir velas passo a passo, fa√ßa voce mesmo, artesanato, vela artesanal, Velas perfumadas, Aromaterapia, Decora√ß√£o com velas, Relaxamento com velas, Velas caseiras, Receita de velas, Velas de soja, Velas artesanais, Velas para o quarto, Velas para o banheiro, Velas para o ambiente, Velas para o dia a dia, Velas para o bem-estar, Velas para o Yoga, Velas para medita√ß√£o, #comofazervela #comofazervelas #comofazervelasdecorativas #comofazervelasaromaticas #comofazervelasperfumadas #dycandle #artesanato #velasarom√°ticas #aromaterapia #decora√ß√£o #relaxamento #velascaseiras #receitadevelas #velasde soja #velasartesanais #velasparaoquarto #velasparaobanheiro #velasparaoambiente #velasparoadiadia #velasparaobemestar #velasparaoyoga #velasparaamedita√ß√£o",2023-01-21T01:29:46Z,29334,1685,169
w99Q3qyxOIg,Velas em formas de silicone - Peter Paiva,"Como fazer velas com formas de silicone? √â bem mais f√°cil do que posa imaginar! Muita gente fica em d√∫vida quando nos v√™ fazendo velas com moldes de silicone, sempre perguntando se √© f√°cil, como fazer o desmolde, qual tipo de parafina √© para usar etc. No v√≠deo de hoje, irei te mostrar e ensinar o qu√£o simples √© trabalhar com velas e formas de silicone, para que voc√™ perca esse medo e arrase nas suas produ√ß√µes com cria√ß√µes inovadoras e exclusivas da melhor forma poss√≠vel.

Quer aprender a fazer vela na forma de silicone? Ent√£o vem comigo para aprender. 


N√£o se esque√ßa de conferir nosso site, onde voc√™ ir√° conhecer milhares de receitas e dicas: https://www.peterpaiva.com.br/ 

E nosso blog, com variados textos sobre o mundo do artesanato: https://www.peterpaiva.com.br/blog/ 

At√© o pr√≥ximo v√≠deo. 

Beijuuu! 

---

Todos os materiais usados est√£o dispon√≠veis na nossa loja:
lojapeterpaiva.com.br 

Material necess√°rio:
- 300g de parafina de soja
- Corante rosa e marrom
- 30ml de ess√™ncia de cerejeira candle
 

Material de apoio:
- Panela esmaltada
- Becker medidor 150ml
- Esp√°tula de silicone
- Sobrador 
- Pavio fino com ilh√≥s 
- Forma flower soap 
- √ìleo mineral para untar a forma
- Pincel
- Ferrinho
- Tesoura


---

Para adquirir o r√≥tulo da cole√ß√£o utilizada, acesse nossa p√°gina: 
https://www.peterpaiva.com.br/rotulos-exclusivos/
---

Siga-me nas redes sociais para ficar por dentro de todas as novidades! 

https://www.instagram.com/peterpaiva/
https://www.facebook.com/oficialpeterpaiva/
https://br.pinterest.com/peterpaiva/
https://www.tiktok.com/@peterpaiva
https://t.me/comunidadepp",2022-12-22T21:00:31Z,66271,3591,194
q-ORWoZtxLk,Minicurso com Peter Paiva: vela arom√°tica,"No Santa Receita, Claudete Troiano traz um minicurso com Peter Paiva especial para o dia dos namorados e, hoje, voc√™ vai aprender a fazer vela arom√°tica. Confira!

REDE APARECIDA
A TV de Nossa Senhora
http://www.A12.com/tvaparecida
http://facebook.com/aparecidatv
http://twitter.com/tvaparecida
http://instagram.com/tvaparecida

Baixe o nosso Aplicativo gratuitamente no seu celular, tablet ou iPad. #SantaReceita #MinicursoComPeterPaiva #VelaArom√°tica",2019-05-31T19:53:50Z,252544,14722,226
Eh9WcZg4w0E,Aprenda a fazer uma vela mosaico com materiais reciclados - Vida Melhor - 14/08/18,"Artistas de todas as √°reas, especialistas em sa√∫de, t√©cnicos de diversos segmentos est√£o em quadros diferenciados, abordando assuntos de sa√∫de, esporte, alimenta√ß√£o e cultura. O p√∫blico participa enviando perguntas aos entrevistados e aprende tamb√©m com as receitas di√°rias e passo a passo de artesanato. ""Vida Melhor"" √© ao vivo, de segunda √† sexta-feira, das 12h30 √†s 14h30, para todo o pa√≠s com entrevistas relevantes que focam a sua qualidade de vida.
www.redevida.com.br/vidamelhor",2018-08-15T19:55:21Z,816725,27496,0
-SOOhddf3So,Vela artesanal. Arom√°tica com aroma.  @docedesabao,,2022-06-15T11:35:43Z,54858,3186,32
N_Ha6w2E0hQ,"Dia 12 - Como fazer decora√ß√£o de cora√ß√£o para colocar em velas arom√°ticas, como fazer wax melts",,2023-01-12T14:30:59Z,1711,76,2
umeKIW1u1DM,coloque Vela no amaciante que at√© os vizinhos v√£o sentir o perfume,,2024-06-14T01:10:59Z,516789,21633,113
YYkWC9WVz9w,Velas arom√°ticas com base em cimento #artesanato #diy #decoracao #criatividade,"As velas em concreto s√£o uma escolha elegante e contempor√¢nea para iluminar e decorar ambientes. Com seu design √∫nico, durabilidade e ilumina√ß√£o suave, elas s√£o capazes de criar uma atmosfera acolhedora e sofisticada em qualquer espa√ßo.
#artesanato #diy #decoration #decora√ß√£o
#fa√ßavoc√™mesmo  

@FloRosaAtelie",2024-02-02T20:30:03Z,1602,68,4
R8y5EryTnAc,Velas Aromatizadas e Baratas Em Casa: Como fazer velas arom√°ticas? DIY,"Velas Aromatizadas e Baratas Em Casa: Como fazer velas arom√°ticas? DIY - Fa√ßa voc√™ mesma
___
‚úÖ Misturinha para Limpeza | Perfume para casa + Limpeza Pesada Gastando pouco: https://bit.ly/2WZVGZ6

‚úÖ Comprinhas para o Lar na SHOPEE BRASIL: https://bit.ly/30fNKnY

‚úÖRotina de Skincare Completa: https://bit.ly/3uYU6mZ

üèÜ MEUS MELHORES V√çDEOS:

üí•Enxoval de casamento B√ÅSICO (comprinhas para o lar): https://bit.ly/3a3fyxh

üí• O que comprar para enxoval de casamento? (comprinhas para o lar): https://bit.ly/3l9nByZ

üí•Enxoval de casamento (achadinhos + presentes incr√≠veis): https://bit.ly/2Ygt0eG

üí•AUTOESTIMA BLINDADA - MOTIVACIONAL: https://bit.ly/3FrsYSu

üí•Presentes para Ch√° de Panela: O que eu ganhei? https://bit.ly/3a7Ghc4

üí•Tour na Loja Havan 2021 (achadinhos do lar): https://bit.ly/3ivRlof

üí•Tour e achadinhos na loja Ca√ßula de Madureira: https://bit.ly/3Fh3Ihr

üí• Loja o amig√£o Rio de Janeiro - RJ (tour + achadinhos do lar): https://bit.ly/3DewKfN

üí•Tour Completo Riachuelo Casa ( CHOCADA com tanta coisa!): https://bit.ly/2WGpM3R

üí• Achadinhos na loja Giga de Madureira (tour de loja) S√ì COISA LINDA!!:https://bit.ly/3moyHzF 
___

Pre√ßo dos materiais para fazer velas aromatizadas em casa:
Parafina: 23,00 
Pavios 4,00
Ess√™ncias 5,00 cada
Giz de cera 4,00

Os potinhos eu usei alguns que j√° tinha em casa mesmo.

‚ù§Ô∏è Me siga no Instagram ‚Üí   https://www.instagram.com/iaslopes/
üìß Contatos e Parcerias: contato@iasmimlopes.com.br
üëâ  Inscreva-se no canal: https://bit.ly/iasmimlopesyoutube
___

Link desse v√≠deo para mandar para as amigas:

Oi gente! Trouxe um v√≠deo que eu j√° queria fazer aqui para voc√™s tem muito tempo: como fazer velas aromatizadas em casa, de forma f√°cil e barata. Mostrei todo o passo a passo para voc√™ fazer suas pr√≥prios velas, seja para vender e ganhar uma renda extra, seja para presentear. 

Esse √© o v√≠deo ideal para voc√™ que quer aprender como fazer velas lindas e perfumadas! E j√° aproveita e encaminha esse v√≠deo para quem voc√™ conhece que poderia querer abrir uma lojinha de velas e ganhar dinheiro, fazendo renda extra, vai ajudar muito essa pessoa!

  ‚ô° Obrigada por estar aqui, o canal √© um sonho realizado e se n√£o fosse voc√™ nada disso seria poss√≠vel ‚ô°",2021-11-18T21:00:10Z,443222,19890,842
zffz8KeJXoU,Como fazer vela arom√°tica,,2023-01-19T02:15:01Z,228916,14444,102
UAAbi1xdOII,VELA QUE NUNCA SE APAGA E Vai deixar sua CASA PERFUMADA por muito tempo!!,"Aprenda a fazer uma linda vela aromatizante com ingredientes simples! Muito perfumada e que ir√° durar por muito tempo!

‚òÖ Siga a gente nas Redes Sociais!
FACEBOOK: https://www.facebook.com/helpdicas
INSTAGRAM: https://www.instagram.com/helpdicass
TIKTOK: https://www.tiktok.com/@helpdicass


‚òÖ Contato
helpdicass@gmail.com

#dicasdecasa #ideiasincriveis #ultilidades #velasaromaticas #dicas",2022-08-31T00:33:42Z,1379322,62985,1456
upOHbEEw5J8,3 Magn√≠ficas Ideas con VELAS y Flores Secas- 3Curiosas Ideas para el  Hogar,"Hola curiosos!
Esperamos que se encuentren muy bien, Hoy les compartimos 3 curiosas ideas con residuos de velas y flores secas, espero te guste y lo puedas hacer son realmente hermosas las ideas muy elegantes y super f√°cil de hacer.


Excelentes ideas para el hogar!




#reciclaje #ideasrecicladas #homedecor #velasdecorativas",2022-12-31T16:04:39Z,10721419,92804,2075
l0Qq8UdUabU,Produ√ß√£o de velas arom√°ticas artesanais. Doce de sab√£o.,,2021-10-01T00:38:27Z,20348,984,16
eGmyllaGzEc,Como fazer velas artesanais de um jeito simples e f√°cil,"Aeeeeeeeeee mais um super v√≠deo para voc√™ se inspirar.

Nesse v√≠deo eu te ensino fazer uma vela incr√≠vel em um pote de vidro super comum usado em festas chamado casca de ovo e irei tamb√©m te apresentar a nova vers√£o da cole√ß√£o SOUCHIC uma cole√ß√£o que lancei h√° uns 5 anos e hoje atualizamos, ficou delicada e muito chic a altura do nome. Voc√™ vai se surpreender com a delicadeza dela e de quebra ter a chance de presentear quem voc√™ ama ou quem sabe vender para ainda ganhar uma graninha.

E de presente para voc√™ j√° disponibilizei todos os r√≥tulos dessa cole√ß√£o l√° no nosso site:

https://www.peterpaiva.com.br/wp-content/uploads/2022/04/CHANEL.pdf

Espero que os nossos v√≠deos te ajude e te inspire cada dia mais a entrar no mercado do artesanato profissional, fazemos sempre tudo
com muito amor e carinho.

E se sobrar um tempinho, tem a barra de coment√°rios aqui embaixo para voc√™ me contar como foi a sua experi√™ncia com os nossos conte√∫dos. 

E at√© o pr√≥ximo v√≠deo...
Beijuuuu!

As propriedades da linha
 
-50% de ess√™ncia Alecrim Blanc Gold
-40% de ess√™ncia Perfume da Rainha
-10% de ess√™ncia Ch√° Branco 
-Extrato de Leite de Cabra
-√ìleo de Coco de Baba√ßu

Material necess√°rio

-150g de parafina de soja
-150g de gordura vegetal
-30ml de ess√™ncia de velas Aromatic
-Corante branco em p√≥ 
-Vidro casca de ovo
-Pavio de madeira duplo

Material de apoio

-Panela esmaltada
-Fog√£o el√©trico
-Becker medidor 150ml 
-Esp√°tula de silicone
-Tesoura
-Papel para aux√≠lio de limpeza


Acesse o site: https://www.peterpaiva.com.br
Todos os produtos que voc√™ precisa est√£o em: www.lojapeterpaiva.com.br 

Siga-me nas redes sociais! 
Telegram: https://t.me/comunidadepp
Instagram: https://www.instagram.com/peterpaiva/ 
Facebook: https://www.facebook.com/OficialPeter/
Pinterest: https://br.pinterest.com/peterpaiva/",2022-05-10T22:00:22Z,97138,5208,144
Z2g_8CJFkgk,"velas arom√°ticas  artesanais,feitas com cera de soja ecomix em potes de gesso.",,2023-10-14T09:11:03Z,5919,297,24
0EVVHRU4vcE,Insumos para produzir velas arom√°ticas. #artesanato #velasaromaticas #velasdecorativas #velas,,2023-06-09T20:46:51Z,7558,481,4
PnUGHpAJzYg,"Velas decoradas com flores secas | Vela para casamento, decora√ß√£o de casamento","Instagram: https://instagram.com/ohana_ateliedecor?igshid=OGQ5ZDc2ODk2ZA==

Conhe√ßa nossa loja: https://www.ohanaateliedecor.com/

Ganhe desconto para fazer suas etiquetas!!! Use nosso cupom: CIN553913OP
Site para compra das etiquetas: https://www.printi.com.br

Crie sua loja virtual e ganhe 25% de desconto na primeira mensalidade: https://www.nuvemshop.com.br/partners/ohana-atelidecor",2023-09-23T19:39:39Z,3392,203,7
Ef0WCd6Sb58,Produ√ß√£o de velas perfumadas para lembrancinha de batizado ‚ù§Ô∏è,,2022-11-16T23:35:57Z,13246,311,0
